"Includes Amazon Marketplace, Fulfillment by Amazon (FBA), and Amazon Webstore transactions"
"All amounts in CAD, unless specified"
"Definitions:"
"Sales tax collected: Includes sales tax collected from buyers for product sales, shipping, and gift wrap."
"Selling fees: Includes variable closing fees and referral fees."
"Other transaction fees: Includes shipping chargebacks and shipping holdbacks."
"Other: Includes non-order transaction amounts. For more details, see the ""Type"" and ""Description"" columns for each order ID."
"date/time","settlement id","type","order id","sku","description","quantity","marketplace","fulfillment","order city","order state","order postal","tax collection model","product sales","product sales tax","shipping credits","shipping credits tax","gift wrap credits","giftwrap credits tax","promotional rebates","promotional rebates tax","selling fees","fba fees","other transaction fees","other","total"
"Jan. 1, 2021 4:54:56 p.m. PST","13701774921","Service Fee","","","Subscription","","Amazon.ca","","","","","","0","0","0","0","0","0","0","0","0","0","0","-8.57","-8.57"
"Jan. 2, 2021 2:31:21 a.m. PST","13701774921","Order","702-5915599-6091429","FBA15MLL5M51.missing6","SADDLER Womens Real Leather Zip Top Coin Purse | Ladies Change Pouch|Gift Boxed - Magenta","1","amazon.ca","Amazon","Claresholm","Alberta","T0L 0T0","","17.99","0.90","0","0","0","0","0","0","-2.70","-6.15","-0.03","0","10.01"
"Jan. 2, 2021 2:33:45 a.m. PST","13701774921","Order","701-6664407-1639446","SADDL-2040-JB","SADDLER Womens Luxurious Leather Bifold Wallet Clutch Zipper Purse | Gift Boxed - Green","1","amazon.ca","Amazon","ALDERSYDE","Alberta","T0L0A0","","36.99","1.85","0","0","0","0","0","0","-5.55","-6.15","-0.05","0","27.09"
"Jan. 2, 2021 4:56:24 a.m. PST","13701774921","Refund","701-8264826-7503432","SADDL-2303-BLK","SADDLER Womens Leather Cross Body Purse Clutch | Detachable Strap |Ladies Sling Bag - Black","1","amazon.ca","Amazon","Baie-Comeau","Quebec","G4Z 1E3","","0","0","0","0","0","0","0","0","0","0","0","0","0"
"Jan. 2, 2021 6:01:09 a.m. PST","13701774921","Service Fee","","","Cost of Advertising","","","","","","","","0","0","0","0","0","0","0","0","0","0","-254.25","0","-254.25"
"Jan. 2, 2021 7:10:59 a.m. PST","13701774921","Refund","702-8850603-3756227","AOCC-CW-001-METRED","ANYONECANCOOK 12-Piece Non-Stick Aluminum Pots and Pans Cookware Set (Red)","1","amazon.ca","Amazon","Cross Lake","Manitoba","R0B 0J0","","0","0","0","0","0","0","0","0","0","0","0","0","0"
"Jan. 2, 2021 11:11:35 a.m. PST","13701774921","Refund","702-8626791-6161034","SADDL-2068-TEAL","SADDLER Womens Leather Bifold Purse Wallet Clutch with Zip Coin Purse| Gift Boxed - Teal","1","amazon.ca","Amazon","Lacombe","Alberta","T4L 2A6","","0","0","0","0","0","0","0","0","0","0","0","0","0"
"Jan. 2, 2021 2:28:32 p.m. PST","13701774921","Order","701-1515079-2378636","SPBR-1718-02","SWISS REIMAGINED Spring Bar Pins - Made from Stainless Steel - for Attaching Watch Band to Watches or Buckle (Set of Two) - 17mm X 1.8mm","1","amazon.ca","Amazon","Bradford","Ontario","L3Z 0S9","","6.99","0.91","0","0","0","0","0","0","-1.12","-3.81","-0.03","0","2.94"
"Jan. 2, 2021 3:22:55 p.m. PST","13701774921","Order","702-8645011-5896209","SADDL-2044-TEAL","SADDLER Womens Leather Multi Section Credit Card Clutch Purse Wallet| Gift Boxed - Teal","1","amazon.ca","Amazon","London","Ontario","N6J 4Y8","","49.99","6.50","0","0","0","0","0","0","-7.50","-5.85","-0.19","0","42.95"
"Jan. 2, 2021 5:36:55 p.m. PST","13701774921","Refund","701-0191004-9425046","SADDL-2061-EBLU","SADDLER Womens Leather Flapover Coin Purse with Zip | Small Pouch | Gift boxed - Blue","1","amazon.ca","Amazon","Toronto","Ontario","M6R 1P2","","-26.99","-3.51","0","0","0","0","0","0","3.24","0","0","0","-27.26"
"Jan. 2, 2021 6:01:23 p.m. PST","13701774921","Order","702-5481880-5359458","SADDL-2030-BLK","SADDLER Womens Real Leather Credit Card Holder | Minimalist Wallet | Gift Boxed - Black","1","amazon.ca","Amazon","Winnipeg","Manitoba","R2N 3N6","","19.99","1.00","0","0","0","0","0","0","-3.00","-6.15","-0.03","0","11.81"
"Jan. 2, 2021 9:55:37 p.m. PST","13701774921","Order","701-8937330-2353066","SADDL-2030-BLK","SADDLER Womens Real Leather Credit Card Holder | Minimalist Wallet | Gift Boxed - Black","1","amazon.ca","Amazon","Petersburg","Ontario","N0B2H0","","19.99","2.60","0","0","0","0","0","0","-3.00","-6.15","-0.08","0","13.36"
"Jan. 2, 2021 11:34:21 p.m. PST","13701774921","Order","701-4017767-1314642","SR-BUC24-J657-TI","SWISS REIMAGINED Watch Band Hypoallergenic Titanium Replacement Pin Buckle with Spring Bar - 24mm","1","amazon.ca","Amazon","azilda","Ontario","P0M 1B0","","10.99","1.43","0","0","0","0","0","0","-1.76","-6.15","-0.04","0","4.47"
"Jan. 3, 2021 12:46:33 a.m. PST","13701774921",,"ed356225-9b52-4cbb-996c-f30ce83609d8","","Save C$5 on ANYONECANCOOK Aluminum 12pc Pots and Pans Set","1","Amazon.ca","","","","","","0","0","0","0","0","0","0","0","0","0","-0.60","0","-0.60"
"Jan. 3, 2021 10:14:24 a.m. PST","13701774921","Order","702-8407717-3685038","SR-STR-18-CRFB-RED-BBTSS","SWISS REIMAGINED 2 Colors Quality Genuine Leather Carbon Fibre Watch Band Strap Choice of Width 18mm 19mm 20mm 21mm 22mm 24mm (Choose Size)","1","amazon.ca","Amazon","Mississauga","ON","L4Y 3G6","","32.99","4.29","0","0","0","0","0","0","-5.28","-6.15","-0.12","0","25.73"
"Jan. 3, 2021 12:01:21 p.m. PST","13701774921","Order","702-6795030-4258602","SADDL-2054-FUCH","SADDLER Womens Genuine Leather Wallet Zipper Purse Coin Pocket | Credit Card Slot - Fuchsia","1","amazon.ca","Amazon","Calgary","Alberta","T2W 1C2","","26.99","1.35","0","0","0","0","0","0","-4.05","-6.15","-0.04","0","18.10"
"Jan. 3, 2021 1:25:31 p.m. PST","13701774921","Order","701-7725475-1562611","CLO-1818-BLK","SWISS REIMAGINED 7"" x 7"" Black Lint Free Microfiber Cleaning Cloth - For Watches, Jewelry, Phones","1","amazon.ca","Amazon","Toronto","Ontario","M6K 1K7","","9.99","1.30","2.00","0","0","0","-2.00","0","-1.50","-3.81","-0.04","0","5.94"
"Jan. 3, 2021 1:47:49 p.m. PST","13701774921","Order","701-1176439-2597856","SADDL-2201DD-BLK","SADDLER Womens Real Leather Multi Credit Card Purse Wallet with Zip Coin Pocket - Black","1","amazon.ca","Amazon","Ponteix","Saskatchewan","S0N 1Z0","","16.99","0.85","2.93","0","0","0","-2.93","0","-2.55","-5.71","-0.02","0","9.56"
"Jan. 3, 2021 3:54:55 p.m. PST","13701774921","Order","702-8167061-4473011","SPBR-CUR-2115-02","SWISS REIMAGINED Spring Bar Pins - Curved Stainless Steel - for Attaching Watch Band to Watches (Set of Two) - 21mm X 1.5mm","1","amazon.ca","Amazon","Mississauga","Ontario","L5L 2M8","","7.99","1.04","0","0","0","0","0","0","-1.60","-3.81","-0.03","0","3.59"
"Jan. 3, 2021 5:36:21 p.m. PST","13701774921","Order","701-4316776-5211453","SADDL-2068-PCBLU","SADDLER Womens Leather Bifold Purse Wallet Clutch with Zip Coin Purse| Gift Boxed - Navy","1","amazon.ca","Amazon","EDMONTON","AB","T5K 0N0","","44.99","2.25","0","0","0","0","0","0","-6.75","-5.71","-0.07","0","34.71"
"Jan. 4, 2021 7:19:24 a.m. PST","13701774921","Order","701-1812049-0978602","SADDL-2204DD-BLK","SADDLER Womens Large Leather Trifold Credit Card Coin Purse Wallet |Gift Boxed - Black","1","amazon.ca","Amazon","St-Eustache","Quebec","J7P 4L2","","24.99","1.25","3.93","0","0","0","-3.93","0","-3.75","-6.15","-0.04","0","16.30"
"Jan. 4, 2021 6:38:10 p.m. PST","13701774921","Refund","702-9629514-7264225","SADDL-2044-FUCH","SADDLER Womens Leather Multi Section Credit Card Clutch Purse Wallet| Gift Boxed - Fuchsia","1","amazon.ca","Amazon","Truro","Nova Scotia","B2N 6T2","","-49.99","-7.50","0","0","0","0","0","0","6.00","0","0","0","-51.49"
"Jan. 4, 2021 7:42:59 p.m. PST","13701774921","Order","702-3225480-4944239","SPBR-CUR-2318-02","SWISS REIMAGINED Spring Bar Pins - Curved Stainless Steel - for Attaching Watch Band to Watches (Set of Two) - 23mm X 1.8mm","1","amazon.ca","Amazon","Edmonton","Alberta","T5X 2N3","","7.99","0.40","0","0","0","0","0","0","-1.28","-3.54","-0.01","0","3.56"
"Jan. 4, 2021 8:56:26 p.m. PST","13701774921","Order","702-3895617-6681835","SADDL-2203DD-BLK","SADDLER Womens Medium Leather Credit Card Coin Purse Wallet with Zip |Gift Boxed - Black","1","amazon.ca","Amazon","MALLORYTOWN","ONTARIO","K0E1R0","","22.99","2.99","0","0","0","0","0","0","-3.45","-6.15","-0.09","0","16.29"
"Jan. 5, 2021 1:07:34 a.m. PST","13701774921","FBA Inventory Fee","IQfbrz3WBe","","FBA Removal Order: Disposal Fee","","Amazon.ca","","","","","","0","0","0","0","0","0","0","0","0","0","0","-0.34","-0.34"
"Jan. 5, 2021 7:03:36 a.m. PST","13701774921","Order","701-0326167-5862628","SADDL-2201DD-PTY","SADDLER Womens Real Leather Multi Credit Card Purse Wallet with Zip Coin Pocket - Putty Grey","1","amazon.ca","Amazon","pickering","Ontario","L1V6P5","","16.99","2.21","3.26","0","0","0","-3.26","0","-2.55","-6.15","-0.06","0","10.44"
"Jan. 5, 2021 12:28:40 p.m. PST","13701774921","Order","701-6982117-9777063","SADDL-2053-RED","SADDLER Womens Luxurious Real Leather Trifold Wallet Purse Clutch | Gift Boxed - Red","1","amazon.ca","Amazon","Dartmouth","Nova Scotia","B2W 4X3","","39.99","6.00","0","0","0","0","0","0","-6.00","-6.29","-0.17","0","33.53"
"Jan. 5, 2021 2:09:50 p.m. PST","13701774921","Order","702-2349858-9719400","SADDL-2044-UV","SADDLER Womens Leather Multi Section Credit Card Clutch Purse Wallet| Gift Boxed - Purple","1","amazon.ca","Amazon","Upper Tantallon","Nova Scotia","B3Z 1L3","","49.99","7.50","0","0","0","0","0","0","-7.50","-5.85","-0.22","0","43.92"
"Jan. 5, 2021 3:28:58 p.m. PST","13701774921","Refund","702-4092077-2004267","SPBR-2518-02","SWISS REIMAGINED Spring Bar Pins - Made from Stainless Steel - for Attaching Watch Band to Watches or Buckle (Set of Two) - 25mm X 1.8mm","1","amazon.ca","Amazon","Oakville","Ontario","L6J 2G6","","-6.99","-0.91","0","0","0","0","0","0","1.12","0","0","0","-6.78"
"Jan. 5, 2021 6:41:16 p.m. PST","13701774921","Adjustment","","","Other","","","","","","","","0","0","0","0","0","0","0","0","0","0","0","0.01","0.01"
"Jan. 5, 2021 9:16:50 p.m. PST","13701774921","Refund","701-9635324-4538646","SADDL-2070-JB","SADDLER Womens Leather Credit Card Wallet Purse With Zip Coin Pocket |Gift Boxed - Green","1","amazon.ca","Amazon","windsor","Ontario","N9G 2H4","","-29.99","-3.90","-2.74","0","0","0","2.74","0","3.60","0","0","0","-30.29"
"Jan. 5, 2021 9:55:27 p.m. PST","13701774921","Order","702-2042307-3597032","SPBR-FR-2218-02","SWISS REIMAGINED Quick Release Spring Bar with Cylindrical Push Button for Watch Band (Set of Two) - 22mm x 1.8mm","1","amazon.ca","Amazon","Kitchener","Ontario","N2B 1T2","","9.99","1.30","0.03","0","0","0","-0.03","0","-2.00","-3.81","-0.04","0","5.44"
"Jan. 5, 2021 11:11:37 p.m. PST","13701774921","Refund","702-8412495-2351454","SADDL-2064-RED","SADDLER Womens Leather Trifold Purse Wallet Clutch with Zip Coin Pocket |Gift Boxed - Red","1","amazon.ca","Amazon","Montreal","Quebec","H2L 4G4","","-36.99","-1.85","0","0","0","0","0","0","4.44","0","0","0","-34.40"
"Jan. 6, 2021 2:32:12 p.m. PST","13701774921","Refund","702-8645011-5896209","SADDL-2044-TEAL","SADDLER Womens Leather Multi Section Credit Card Clutch Purse Wallet| Gift Boxed - Teal","1","amazon.ca","Amazon","London","Ontario","N6J 4Y8","","-49.99","-6.50","0","0","0","0","0","0","6.00","0","0","0","-50.49"
"Jan. 7, 2021 1:15:18 a.m. PST","13701774921","Order","701-3257266-9765005","SADDL-2051-EBLU","SADDLER Womens Leather Trifold Wallet Clutch with Zipper Coin Purse | Gift Boxed - Blue","1","amazon.ca","Amazon","OTTAWA","ON","K1Z 7L0","","36.99","4.81","0","0","0","0","0","0","-5.55","-6.15","-0.14","0","29.96"
"Jan. 7, 2021 1:39:41 a.m. PST","13701774921","FBA Inventory Fee","xkcp4QV342","","FBA Removal Order: Disposal Fee","","Amazon.ca","","","","","","0","0","0","0","0","0","0","0","0","0","0","-2.16","-2.16"
"Jan. 7, 2021 1:41:40 a.m. PST","13701774921","Order","701-1880868-9042634","SPBR-CUR-2115-02","SWISS REIMAGINED Spring Bar Pins - Curved Stainless Steel - for Attaching Watch Band to Watches (Set of Two) - 21mm X 1.5mm","1","amazon.ca","Amazon","Calgary","Alberta","T3H 2V9","","7.99","0.40","0","0","0","0","0","0","-1.60","-3.81","-0.01","0","2.97"
"Jan. 7, 2021 4:16:50 a.m. PST","13701774921","FBA Inventory Fee","","","FBA Inventory Storage Fee","","Amazon.ca","","","","","","0","0","0","0","0","0","0","0","0","0","0","-18.27","-18.27"
"Jan. 7, 2021 7:25:51 a.m. PST","13701774921","Refund","701-8080509-7969868","AOCC-CW-001-METRED","ANYONECANCOOK 12-Piece Non-Stick Aluminum Pots and Pans Cookware Set (Red)","1","amazon.ca","Amazon","Mirabel","Quebec","J7J 2J4","","0","0","0","0","0","0","0","0","0","0","0","0","0"
"Jan. 7, 2021 7:26:57 a.m. PST","13701774921","Order","702-6955372-5316235","SR-T2-22-COG-BSS","SWISS REIMAGINED Real Italian Leather Rally Style Watch Band Strap with Stainless Steel Buckle, Cognac","1","amazon.ca","Amazon","Calgary","Alberta","T2Z4E2","","29.99","0","0","0","0","0","0","0","-4.80","-6.97","0","0","18.22"
"Jan. 7, 2021 10:17:07 a.m. PST","13701774921","Order","701-4941091-5923442","SR-7005-BLK","SWISS REIMAGINED Mens Genuine Leather RFID Protected Business & Credit Card Holder with ID | Gift Boxed","1","amazon.ca","Amazon","Kleinberg","Ontario","L4H3Y5","","24.99","0","0","0","0","0","0","0","-3.75","-8.38","0","0","12.86"
"Jan. 7, 2021 11:01:08 a.m. PST","13701774921","Refund","702-3277989-9075422","AOCC-CW-001-METRED","ANYONECANCOOK 12-Piece Non-Stick Aluminum Pots and Pans Cookware Set (Red)","1","amazon.ca","Amazon","London","Ontario","N6A 3M2","","0","0","0","0","0","0","0","0","0","0","0","0","0"
"Jan. 7, 2021 3:22:24 p.m. PST","13701774921","Refund","702-0389060-9533013","AOCC-CW-001-METRED","ANYONECANCOOK 12-Piece Non-Stick Aluminum Pots and Pans Cookware Set (Red)","1","amazon.ca","Amazon","Omemee","Ontario","K0L 2W0","","0","0","0","0","0","0","0","0","0","0","0","0","0"
"Jan. 7, 2021 5:51:32 p.m. PST","13701774921","Order","701-0614831-2863429","SADDL-2201DD-BLK","SADDLER Womens Real Leather Multi Credit Card Purse Wallet with Zip Coin Pocket - Black","1","amazon.ca","Amazon","Val Caron","ON","P3N1C1","","16.99","2.21","0","0","0","0","0","0","-2.55","-6.15","-0.06","0","10.44"
"Jan. 8, 2021 3:15:46 a.m. PST","13701774921","Order","701-1270389-9061848","SADDL-2147-FUCH","SADDLER Womens Large Leather Credit Card Wallet | Ladies Clutch Purse|Gift Boxed - Fuchsia","1","amazon.ca","Amazon","Sherwood Park","Alberta","T8H 0L7","","42.99","2.15","1.99","0","0","0","-1.99","0","-6.45","-5.85","-0.06","0","32.78"
"Jan. 8, 2021 9:48:12 a.m. PST","13701774921","Order","701-1262542-4610630","SPBR-CUR-2118-02","SWISS REIMAGINED Spring Bar Pins - Curved Stainless Steel - for Attaching Watch Band to Watches (Set of Two) - 21mm X 1.8mm","1","amazon.ca","Amazon","Mississauga","Ontario","L5K 2S6","","7.99","1.04","0","0","0","0","0","0","-1.28","-3.81","-0.03","0","3.91"
"Jan. 8, 2021 1:05:18 p.m. PST","13701774921","Refund","702-4148344-7555459","CA-6005-COG","CAPPIANO Mens Genuine Leather Minimalist Credit Card Holder Wallet | Slim Business Card Case with 8 Slots | Gift Boxed - Cognac","1","amazon.ca","Amazon","Toronto","Ontario","M4J3S4","","-19.99","-2.60","0","0","0","0","0","0","2.40","0","0","0","-20.19"
"Jan. 8, 2021 2:07:54 p.m. PST","13701774921","Order","702-1315238-6350604","SPBR-2115-02","SWISS REIMAGINED Spring Bar Pins - Made from Stainless Steel - for Attaching Watch Band to Watches or Buckle (Set of Two) - 21mm X 1.5mm","1","amazon.ca","Amazon","Ottawa","Ontario","K1C 3R4","","6.99","0.91","0","0","0","0","0","0","-1.12","-3.81","-0.03","0","2.94"
"Jan. 8, 2021 5:29:13 p.m. PST","13701774921","Refund","701-1176439-2597856","SADDL-2201DD-BLK","SADDLER Womens Real Leather Multi Credit Card Purse Wallet with Zip Coin Pocket - Black","1","amazon.ca","Amazon","Ponteix","Saskatchewan","S0N 1Z0","","-16.99","-0.85","0","0","0","0","0","0","2.04","0","0","0","-15.80"
"Jan. 8, 2021 11:03:03 p.m. PST","13701774921","Order","701-9722252-3517024","CA-6002-COG","CAPPIANO Mens Genuine Leather 6 Credit Card Minimalist Billfold Wallet| Slim Designer Credit Card Holder|Gift Boxed - Cognac","1","amazon.ca","Amazon","Toronto","Ontario","M4J3S4","","16.99","2.21","2.98","0","0","0","-2.98","0","-2.55","-6.15","-0.06","0","10.44"
"Jan. 9, 2021 12:49:37 p.m. PST","13701774921","Refund","701-7833479-2359456","SR-NCALF-22-TAN-SS","SWISS REIMAGINED Watch Band Tan Calf Leather Contrast Stitching Stainless Steel Buckle 22mm","1","amazon.ca","Amazon","Chatham","Ontario","N7L 4N2","","-22.99","-2.99","0","0","0","0","0","0","2.94","0","0","0","-23.04"
"Jan. 9, 2021 10:16:43 p.m. PST","13701774921","Order","701-9659762-7189857","SPBR-CO-2218-02-GLD","SWISS REIMAGINED Spring Bar Pins - Gold Stainless Steel - for Attaching Watch Band to Watches or Buckle (Set of Two) - 22mm X 1.8mm","1","amazon.ca","Amazon","Toronto","Ontario","M6S 3N7","","7.99","1.04","2.94","0","0","0","-2.94","0","-1.60","-3.81","-0.03","0","3.59"
"Jan. 9, 2021 11:14:38 p.m. PST","13701774921","Order","702-4196170-0301869","SADDL-2053-MAG","SADDLER Womens Luxurious Real Leather Trifold Wallet Purse Clutch | Gift Boxed - Magenta","1","amazon.ca","Amazon","Blackstock","Ontario","L0B 1B0","","39.99","0","0","0","0","0","0","0","-6.00","-8.38","0","0","25.61"
"Jan. 10, 2021 12:32:28 a.m. PST","13701774921","Order","702-4393574-8492218","SADDL-2204DD-SBLU","SADDLER Womens Large Leather Trifold Credit Card Coin Purse Wallet |Gift Boxed - Storm Blue","1","amazon.ca","Amazon","Stony plain","AB","T7Z0J7","","24.99","1.25","0","0","0","0","0","0","-3.75","-5.71","-0.04","0","16.74"
"Jan. 10, 2021 8:23:21 a.m. PST","13701774921","Order","702-7364055-5789869","SADDL-2053-EBLU","SADDLER Womens Luxurious Real Leather Trifold Wallet Purse Clutch | Gift Boxed - Blue","1","amazon.ca","Amazon","Paradise","Newfoundland","A1L 1H1","","39.99","6.00","5.90","0","0","0","-5.90","0","-6.00","-6.29","-0.17","0","33.53"
"Jan. 10, 2021 11:58:41 a.m. PST","13701774921","Order","702-7996605-8697844","SADDL-2034-UV","SADDLER Womens Real Leather Slim Credit Card Holder | Minimalist | Gift Boxed - Purple","1","amazon.ca","Amazon","Maple Ridge","British Columbia","V4R 1W9","","22.99","2.76","0","0","0","0","0","0","-3.45","-6.15","-0.08","0","16.07"
"Jan. 10, 2021 11:58:41 a.m. PST","13701774921","Order","702-7996605-8697844","SADDL-2054-TEAL","SADDLER Womens Genuine Leather Wallet Zipper Purse Coin Pocket | Credit Card Slot - Teal","1","amazon.ca","Amazon","Maple Ridge","British Columbia","V4R 1W9","","26.99","3.24","0","0","0","0","0","0","-4.05","-6.15","-0.09","0","19.94"
"Jan. 10, 2021 12:28:18 p.m. PST","13701774921","Order","701-0163370-0508204","SADDL-2503-BLK","SADDLER Mens Genuine Leather Compact Shirt Pocket Credit Card Wallet with ID Window | Gift Boxed","1","amazon.ca","Amazon","Trois-Rivieres","Quebec","G8Y 6T2","","19.99","1.00","3.93","0","0","0","-3.93","0","-3.00","-6.15","-0.03","0","11.81"
"Jan. 10, 2021 12:39:06 p.m. PST","13701774921","Order","701-0714521-1641814","SADDL-2202DD-BLK","SADDLER Womens Leather Trifold Multi Credit Card Wallet |Ladies Coin Purse Clutch - Black","1","amazon.ca","Amazon","Edmonton","Alberta","T6A 0X7","","19.99","0","0","0","0","0","0","0","-3.00","-8.38","0","0","8.61"
"Jan. 10, 2021 3:26:23 p.m. PST","13701774921","Order","702-3869989-2167442","SPBR-FR-2018-02","SWISS REIMAGINED Quick Release Spring Bar with Cylindrical Push Button for Watch Band (Set of Two) - 20mm x 1.8mm","1","amazon.ca","Amazon","Waskatenau","Alberta","T0A 3P0","","9.99","0.50","0","0","0","0","0","0","-4.00","-3.81","-0.03","0","2.65"
"Jan. 10, 2021 3:26:23 p.m. PST","13701774921","Order","702-3869989-2167442","SPBR-FR-2018-02","SWISS REIMAGINED Quick Release Spring Bar with Cylindrical Push Button for Watch Band (Set of Two) - 20mm x 1.8mm","1","amazon.ca","Amazon","Waskatenau","Alberta","T0A 3P0","","9.99","0.50","0","0","0","0","0","0","0","-3.81","0","0","6.68"
"Jan. 10, 2021 3:26:23 p.m. PST","13701774921","Order","702-3869989-2167442","SPBR-FR-2218-02","SWISS REIMAGINED Quick Release Spring Bar with Cylindrical Push Button for Watch Band (Set of Two) - 22mm x 1.8mm","2","amazon.ca","Amazon","Waskatenau","Alberta","T0A 3P0","","19.98","1.00","0","0","0","0","0","0","-4.00","-7.62","-0.03","0","9.33"
"Jan. 10, 2021 4:36:20 p.m. PST","13701774921","Refund","701-9722252-3517024","CA-6002-COG","CAPPIANO Mens Genuine Leather 6 Credit Card Minimalist Billfold Wallet| Slim Designer Credit Card Holder|Gift Boxed - Cognac","1","amazon.ca","Amazon","Toronto","Ontario","M4J3S4","","-16.99","-2.21","0","0","0","0","0","0","2.04","0","0","0","-17.16"
"Jan. 10, 2021 10:31:55 p.m. PST","13701774921","Order","702-9715979-4820258","SADDL-2060-UV","SADDLER Womens Real Leather Zip Top Coin Purse | Ladies Money Pouch | Gift Boxed - Purple","1","amazon.ca","Amazon","Gananoque","Ontario","K7G 2V4","","19.99","2.60","0","0","0","0","0","0","-3.00","-6.15","-0.08","0","13.36"
"Jan. 11, 2021 2:09:12 a.m. PST","13701774921","Adjustment","","SR-STR-20-CCD-ORG-PBLK","FBA Inventory Reimbursement - Damaged:Warehouse","1","","","","","","","0","0","0","0","0","0","0","0","0","0","0","10.90","10.90"
"Jan. 11, 2021 9:03:32 a.m. PST","13701774921","Order","702-0339974-0951417","SR-MT-001-BLK","SWISS REIMAGINED Precision 8-pc Set S2 Tool Steel Screwdriver Spring Bar Release Multipurpose Tool","1","amazon.ca","Amazon","Toronto","Ontario","M6R 1T3","","19.99","2.60","6.99","0.91","0","0","0","0","-3.00","-14.05","-0.10","0","13.34"
"Jan. 11, 2021 11:00:58 a.m. PST","13701774921","Order","702-0494565-1481818","SR-STR-20-CRFB-RED-BBLK","SWISS REIMAGINED 2 Colors Quality Genuine Leather Carbon Fibre Watch Band Strap Choice of Width 18mm 19mm 20mm 21mm 22mm 24mm (Choose Size)","1","amazon.ca","Amazon","Brampton","ON","L7A 4G4","","26.99","3.51","0","0","0","0","0","0","-4.32","-3.54","-0.10","0","22.54"
"Jan. 11, 2021 12:04:40 p.m. PST","13701774921","Order","702-4460964-7993012","SADDL-2503-BLK","SADDLER Mens Genuine Leather Compact Shirt Pocket Credit Card Wallet with ID Window | Gift Boxed","1","amazon.ca","Amazon","Pointe-Claire","Quebec","H9R 3Y6","","19.99","1.00","2.94","0","0","0","-2.94","0","-3.00","-6.15","-0.03","0","11.81"
"Jan. 11, 2021 2:36:10 p.m. PST","13701774921","Order","702-9477642-0518617","SPBR-FR-2018-02","SWISS REIMAGINED Quick Release Spring Bar with Cylindrical Push Button for Watch Band (Set of Two) - 20mm x 1.8mm","1","amazon.ca","Amazon","Surrey","British Columbia","V4N 5C5","","9.99","1.20","0","0","0","0","0","0","-2.00","-3.81","-0.03","0","5.35"
"Jan. 11, 2021 2:50:52 p.m. PST","13701774921","Order","702-8231442-7105068","SR-RAL-22-CRFB-BLK&RED-BBLK","SWISS REIMAGINED Real Leather Carbon Fibre Embossed Rally Style Watch Band Strap with Stainless Steel Buckle, Black Red","1","amazon.ca","Amazon","Montreal","Quebec","H3J 0B7","","32.99","1.65","5.72","0","0","0","-5.72","0","-5.28","-4.16","-0.05","0","25.15"
"Jan. 11, 2021 9:05:14 p.m. PST","13701774921","Order","702-4017515-4646654","SADDL-2203DD-BLK","SADDLER Womens Medium Leather Credit Card Coin Purse Wallet with Zip |Gift Boxed - Black","1","amazon.ca","Amazon","Toronto","Ontario","M4S 1K5","","22.99","2.99","2.15","0.28","0","0","0","0","-3.45","-8.58","-0.09","0","16.29"
"Jan. 12, 2021 12:24:39 a.m. PST","13701774921","Refund","701-1515079-2378636","SPBR-1718-02","SWISS REIMAGINED Spring Bar Pins - Made from Stainless Steel - for Attaching Watch Band to Watches or Buckle (Set of Two) - 17mm X 1.8mm","1","amazon.ca","Amazon","Bradford","Ontario","L3Z 0S9","","-6.99","-0.91","0","0","0","0","0","0","0.90","0","0","0","-7.00"
"Jan. 12, 2021 5:19:18 a.m. PST","13701774921","Order","702-9334149-8525058","SADDL-2064-TEAL","SADDLER Womens Leather Trifold Purse Wallet Clutch with Zip Coin Pocket |Gift Boxed - Teal","1","amazon.ca","Amazon","St-Michel-des-Saints","Quebec","J0K 3B0","","36.99","0","0","0","0","0","0","0","-5.55","-8.38","0","0","23.06"
"Jan. 12, 2021 11:49:40 a.m. PST","13701774921","Order","702-5505562-6717853","SR-STR-20-CRFB-BLK-PG","SWISS REIMAGINED 2 Colors Quality Genuine Leather Carbon Fibre Watch Band Strap Choice of Width 18mm 19mm 20mm 21mm 22mm 24mm (Choose Size)","1","amazon.ca","Amazon","Brampton","ON","L7A 4G4","","26.99","3.51","6.99","0","0","0","-6.99","0","-4.32","-3.81","-0.10","0","22.27"
"Jan. 12, 2021 6:07:48 p.m. PST","13751128461","Order","701-5126193-8068255","SR-HPO-1918-COG","SWISS REIMAGINED Quick Release Real Leather Hypoallergenic Watch Band Strap with Titanium Buckle - Cognac","1","amazon.ca","Amazon","Ottawa","Ontario","K1S 5T4","","26.99","3.51","0.49","0","0","0","-0.49","0","-4.32","-6.15","-0.10","0","19.93"
"Jan. 13, 2021 11:32:53 a.m. PST","13751128461","Order","701-0621769-9938617","SR-HPO-1918-GRN","SWISS REIMAGINED Quick Release Real Leather Hypoallergenic Watch Band Strap with Titanium Buckle - Green","1","amazon.ca","Amazon","York","Ontario","M6S 2R5","","26.99","3.51","6.99","0","0","0","-6.99","0","-4.32","-6.15","-0.10","0","19.93"
"Jan. 13, 2021 12:02:52 p.m. PST","13751128461","Order","702-5081942-0813863","SADDL-2042-BLK","SADDLER Womens Real Leather Bifold Wallet with Zipper Coin Purse | Gift Boxed - Black","1","amazon.ca","Amazon","Port Alberni","British Columbia","V9Y 8K8","","26.99","3.24","3.27","0","0","0","-3.27","0","-4.05","-6.15","-0.09","0","19.94"
"Jan. 13, 2021 8:44:53 p.m. PST","13751128461","FBA Inventory Fee","xl1b9Lp520","","FBA Removal Order: Disposal Fee","","Amazon.ca","","","","","","0","0","0","0","0","0","0","0","0","0","0","-1.93","-1.93"
"Jan. 13, 2021 9:35:52 p.m. PST","13751128461","Refund","701-0621769-9938617","SR-HPO-1918-GRN","SWISS REIMAGINED Quick Release Real Leather Hypoallergenic Watch Band Strap with Titanium Buckle - Green","1","amazon.ca","Amazon","York","Ontario","M6S 2R5","","-26.99","-3.51","0","0","0","0","0","0","3.46","0","0","0","-27.04"
"Jan. 13, 2021 11:32:17 p.m. PST","13751128461","Order","701-8900364-0428224","SADDL-2203DD-BLK","SADDLER Womens Medium Leather Credit Card Coin Purse Wallet with Zip |Gift Boxed - Black","1","amazon.ca","Amazon","Georgetown","Ontario","L7G 0E8","","22.99","2.99","1.70","0","0","0","-1.70","0","-3.45","-6.15","-0.09","0","16.29"
"Jan. 14, 2021 6:36:54 a.m. PST","13751128461","Order","702-3060771-5949026","SADDL-2051-UV","SADDLER Womens Leather Trifold Wallet Clutch with Zipper Coin Purse | Gift Boxed - Purple","1","amazon.ca","Amazon","mississauga","Ontario","L4W 2A6","","36.99","0","5.45","0","0","0","0","0","-5.55","-13.83","0","0","23.06"
"Jan. 14, 2021 7:29:05 a.m. PST","13751128461","Order","701-7646210-7217853","SPBR-CUR-1815-02","SWISS REIMAGINED Spring Bar Pins - Curved Stainless Steel - for Attaching Watch Band to Watches (Set of Two) - 18mm X 1.5mm","1","amazon.ca","Amazon","Mississauga","Ontario","L5L 5Z8","","7.99","1.04","3.93","0","0","0","-3.93","0","-1.60","-3.81","-0.03","0","3.59"
"Jan. 14, 2021 9:22:44 a.m. PST","13751128461","Order","702-9511912-1223415","SR-T2-22-SBRN-BSS","SWISS REIMAGINED Real Italian Leather Rally Style Watch Band Strap with Stainless Steel Buckle, Brown","1","amazon.ca","Amazon","Saanichton","BC","V8M0B4","","29.99","3.60","0","0","0","0","0","0","-4.80","-3.81","-0.10","0","24.88"
"Jan. 14, 2021 10:12:44 a.m. PST","13751128461","Refund","702-0494565-1481818","SR-STR-20-CRFB-RED-BBLK","SWISS REIMAGINED 2 Colors Quality Genuine Leather Carbon Fibre Watch Band Strap Choice of Width 18mm 19mm 20mm 21mm 22mm 24mm (Choose Size)","1","amazon.ca","Amazon","Brampton","ON","L7A 4G4","","-26.99","-3.51","0","0","0","0","0","0","3.46","0","0","0","-27.04"
"Jan. 14, 2021 2:05:54 p.m. PST","13751128461","Order","701-8037377-4673037","SR-RAL-22-CRFB-BLK&RED-BBLK","SWISS REIMAGINED Real Leather Carbon Fibre Embossed Rally Style Watch Band Strap with Stainless Steel Buckle, Black Red","1","amazon.ca","Amazon","Richmond","BC","V7C 5M7","","32.99","3.96","0","0","0","0","0","0","-5.28","-4.16","-0.11","0","27.40"
"Jan. 14, 2021 5:18:06 p.m. PST","13751128461","Transfer","","","To account ending with: 002","","","","","","","","0","0","0","0","0","0","0","0","0","0","0","-273.00","-273.00"
"Jan. 14, 2021 6:33:21 p.m. PST","13751128461","Order","701-0370806-4911452","SADDL-2054-PCBLU","SADDLER Womens Genuine Leather Wallet Zipper Purse Coin Pocket | Credit Card Slot - Navy","1","amazon.ca","Amazon","Laval","Quebec","H7T 2Y6","","26.99","1.35","6.99","0","0","0","-6.99","0","-4.05","-6.15","-0.04","0","18.10"
"Jan. 14, 2021 8:21:20 p.m. PST","13751128461","Order","702-8556634-3697827","SR-NCALF-22-TAN-SS","SWISS REIMAGINED Watch Band Tan Calf Leather Contrast Stitching Stainless Steel Buckle 22mm","1","amazon.ca","Amazon","Whitby","Ontario","L1R 1K3","","22.99","2.99","0","0","0","0","0","0","-3.68","-3.81","-0.09","0","18.40"
"Jan. 14, 2021 11:20:39 p.m. PST","13751128461","Order","702-1692655-5226658","SR-STR-19-CCD-BRN-CPSS","SWISS REIMAGINED Watch Band Brown Leather Polished Stainless Steel Buckle 19mm","1","amazon.ca","Amazon","Pickering","ON","L1V 6A9","","19.99","2.60","3.49","0","0","0","-3.49","0","-3.20","-3.81","-0.08","0","15.50"
"Jan. 15, 2021 12:03:46 a.m. PST","13751128461","Order","702-4852197-1891420","SPBR-2615-02","SWISS REIMAGINED Spring Bar Pins - Made from Stainless Steel - for Attaching Watch Band to Watches or Buckle (Set of Two) - 26mm X 1.5mm","1","amazon.ca","Amazon","Kingston","Ontario","K7L 4V4","","6.99","0.91","0","0","0","0","0","0","-1.40","-3.81","-0.03","0","2.66"
"Jan. 15, 2021 8:14:31 a.m. PST","13751128461","Order","702-3838636-5699449","SR-MT-001-BLK","SWISS REIMAGINED Precision 8-pc Set S2 Tool Steel Screwdriver Spring Bar Release Multipurpose Tool","1","amazon.ca","Amazon","Quebec","Quebec","G1K1R5","","19.99","1.00","0","0","0","0","0","0","-3.00","-6.15","-0.03","0","11.81"
"Jan. 15, 2021 1:35:20 p.m. PST","13751128461","Order","701-1145311-0221813","SADDL-2034-UV","SADDLER Womens Real Leather Slim Credit Card Holder | Minimalist | Gift Boxed - Purple","1","amazon.ca","Amazon","Saint-Hubert","Quebec","J3Y 6L3","","22.99","1.15","0","0","0","0","0","0","-3.45","-5.71","-0.03","0","14.95"
"Jan. 15, 2021 2:19:59 p.m. PST","13751128461","Order","701-8035627-3711442","SADDL-2034-JB","SADDLER Womens Real Leather Slim Credit Card Holder | Minimalist | Gift Boxed - Green","1","amazon.ca","Amazon","Saint-Hubert","Quebec","J3Y 6L3","","22.99","1.15","1.86","0","0","0","-1.86","0","-3.45","-6.15","-0.03","0","14.51"
"Jan. 15, 2021 4:34:08 p.m. PST","13751128461","Refund","701-8487542-5818654","SADDL-2051-MAG","SADDLER Womens Leather Trifold Wallet Clutch with Zipper Coin Purse | Gift Boxed - Magenta","1","amazon.ca","Amazon","Maple","ON","L6A 0R5","","-36.99","-4.81","-6.99","0","0","0","6.99","0","4.44","0","0","0","-37.36"
"Jan. 15, 2021 6:03:30 p.m. PST","13751128461","Order","702-8454597-3573861","SADDL-2202DD-SBLU","SADDLER Womens Leather Trifold Multi Credit Card Wallet |Ladies Coin Purse Clutch - Storm Blue","1","amazon.ca","Amazon","Gatineau","Quebec","J8T 6E4","","19.99","1.00","0","0","0","0","0","0","-3.00","-6.15","-0.03","0","11.81"
"Jan. 16, 2021 12:26:33 a.m. PST","13751128461","Order","702-3786376-8713054","SPBR-CUR-2418-02","SWISS REIMAGINED Spring Bar Pins - Curved Stainless Steel - for Attaching Watch Band to Watches (Set of Two) - 24mm X 1.8mm","1","amazon.ca","Amazon","Edmonton","Alberta","T5H 4M6","","7.99","0.40","3.49","0.17","0","0","0","0","-1.28","-7.20","-0.02","0","3.55"
"Jan. 16, 2021 12:26:33 a.m. PST","13751128461","Order","702-3786376-8713054","SPBR-CUR-2415-02","SWISS REIMAGINED Spring Bar Pins - Curved Stainless Steel - for Attaching Watch Band to Watches (Set of Two) - 24mm X 1.5mm","1","amazon.ca","Amazon","Edmonton","Alberta","T5H 4M6","","7.99","0.40","3.50","0.18","0","0","0","0","-1.60","-7.22","-0.02","0","3.23"
"Jan. 16, 2021 9:27:29 a.m. PST","13751128461","Order","701-2238804-5165026","SR-HPO-1918-BRN","SWISS REIMAGINED Quick Release Real Leather Hypoallergenic Watch Band Strap with Titanium Buckle - Brown","1","amazon.ca","Amazon","York","Ontario","M6S 2R5","","26.99","3.51","6.99","0","0","0","-6.99","0","-4.32","-6.15","-0.10","0","19.93"
"Jan. 16, 2021 12:45:35 p.m. PST","13751128461","Order","701-1296138-8219412","SR-MT-001-BLK","SWISS REIMAGINED Precision 8-pc Set S2 Tool Steel Screwdriver Spring Bar Release Multipurpose Tool","1","amazon.ca","Amazon","Saint-Joseph-Du-Lac","Québec","J0N 1M0","","19.99","1.00","0","0","0","0","0","0","-3.00","-6.15","-0.03","0","11.81"
"Jan. 16, 2021 4:20:38 p.m. PST","13751128461","Order","702-4260731-8860210","SADDL-2060-BLK","SADDLER Womens Real Leather Zip Top Coin Purse | Ladies Money Pouch | Gift Boxed - Black","1","amazon.ca","Amazon","Regina","Saskatchewan","S4X 0K8","","19.99","1.00","2.67","0.13","0","0","0","0","-3.00","-8.51","-0.03","0","12.25"
"Jan. 17, 2021 2:26:48 a.m. PST","13751128461","Order","702-1604023-9376208","SADDL-2042-PCBLU","SADDLER Womens Real Leather Bifold Wallet with Zipper Coin Purse | Gift Boxed - Navy","1","amazon.ca","Amazon","Hfx Reg","Nova Scotia","B0N 2H0","","26.99","4.05","0","0","0","0","0","0","-4.05","-6.15","-0.12","0","20.72"
"Jan. 17, 2021 2:27:01 a.m. PST","13751128461","Order","702-8614751-3771445","SADDL-2042-PCBLU","SADDLER Womens Real Leather Bifold Wallet with Zipper Coin Purse | Gift Boxed - Navy","1","amazon.ca","Amazon","Hfx Reg","Nova Scotia","B0N 2H0","","26.99","4.05","0","0","0","0","0","0","-4.05","-6.15","-0.12","0","20.72"
"Jan. 17, 2021 2:27:01 a.m. PST","13751128461","Order","702-8614751-3771445","SADDL-2042-RED","SADDLER Womens Real Leather Bifold Wallet with Zipper Coin Purse | Gift Boxed - Red","1","amazon.ca","Amazon","Hfx Reg","Nova Scotia","B0N 2H0","","26.99","4.05","0","0","0","0","0","0","-4.05","-6.15","-0.12","0","20.72"
"Jan. 17, 2021 2:31:07 a.m. PST","13751128461","Order","702-4260731-8860210","SADDL-2060-PCBLU","SADDLER Womens Real Leather Zip Top Coin Purse | Ladies Money Pouch | Gift Boxed - Navy","1","amazon.ca","Amazon","Regina","Saskatchewan","S4X 0K8","","19.99","1.00","2.68","0.13","0","0","0","0","-3.00","-9.18","-0.03","0","11.59"
"Jan. 17, 2021 9:25:31 a.m. PST","13751128461","Order","702-9289660-4398601","SR-OLC-20S-ORDBRN","SWISS REIMAGINED Real Leather OLC Replacement Watch Band Strap with Stainless Steel Buckle - Brown, 20mm","1","amazon.ca","Amazon","Bromont","Québec","J2L 0G7","","29.99","0","6.30","0","0","0","0","0","-4.80","-17.25","0","0","14.24"
"Jan. 17, 2021 12:03:57 p.m. PST","13751128461","Order","702-9259670-8970612","CA-6002-COG","CAPPIANO Mens Genuine Leather 6 Credit Card Minimalist Billfold Wallet| Slim Designer Credit Card Holder|Gift Boxed - Cognac","1","amazon.ca","Amazon","Edmonton","Alberta","T6E 0V4","","16.99","0.85","0","0","0","0","0","0","-2.55","-6.15","-0.02","0","9.12"
"Jan. 17, 2021 3:23:35 p.m. PST","13751128461","Order","702-3329007-0037000","SR-MT-001-BLK","SWISS REIMAGINED Precision 8-pc Set S2 Tool Steel Screwdriver Spring Bar Release Multipurpose Tool","1","amazon.ca","Amazon","Montreal","Quebec","H2L 1B5","","19.99","1.00","2.94","0","0","0","-2.94","0","-3.00","-6.15","-0.03","0","11.81"
"Jan. 18, 2021 12:32:12 a.m. PST","13751128461","Order","701-1785124-1797849","CLO-1818-BLK","SWISS REIMAGINED 7"" x 7"" Black Lint Free Microfiber Cleaning Cloth - For Watches, Jewelry, Phones","1","amazon.ca","Amazon","Vancouver","British Columbia","V5T 3K9","","9.99","1.20","0.09","0","0","0","-0.09","0","-1.50","-3.54","-0.03","0","6.12"
"Jan. 18, 2021 12:36:24 a.m. PST","13751128461","Order","701-5163617-7736226","SR-STR-20-CRFB-BLK-PG","SWISS REIMAGINED 2 Colors Quality Genuine Leather Carbon Fibre Watch Band Strap Choice of Width 18mm 19mm 20mm 21mm 22mm 24mm (Choose Size)","1","amazon.ca","Amazon","Surrey","British Columbia","V3R 5T6","","26.99","3.24","0","0","0","0","0","0","-4.32","-3.54","-0.09","0","22.28"
"Jan. 18, 2021 10:11:31 a.m. PST","13751128461","Order","702-2746525-8609049","SR-NCALF-20-TAN-SS","SWISS REIMAGINED Watch Band Tan Calf Leather Contrast Stitching Stainless Steel Buckle 20mm","1","amazon.ca","Amazon","Toronto","Ontario","M9N 3L4","","22.99","0","0","0","0","0","0","0","-3.68","-6.97","0","0","12.34"
"Jan. 18, 2021 3:22:08 p.m. PST","13751128461","Order_Retrocharge","701-4463195-0864231","","Base Tax","","Amazon.ca","","","","","","0","0","0","0","0","0","0","0","0","0","0","0","0.72"
"Jan. 18, 2021 3:22:08 p.m. PST","13751128461","Order_Retrocharge","701-4463195-0864231","","Shipping Tax","","Amazon.ca","","","","","","0","0","0","0","0","0","0","0","0","0","0","0","0"
"Jan. 18, 2021 3:34:53 p.m. PST","13751128461","Order","701-2015158-1466624","SPBR-2515-02","SWISS REIMAGINED Spring Bar Pins - Made from Stainless Steel - for Attaching Watch Band to Watches or Buckle (Set of Two) - 25mm X 1.5mm","1","amazon.ca","Amazon","Laval","Quebec","H7B 1C4","","6.99","0.35","0","0","0","0","0","0","-1.12","-3.81","-0.01","0","2.40"
"Jan. 18, 2021 5:29:04 p.m. PST","13751128461","Order","701-7859362-5032256","SADDL-2202DD-PTY","SADDLER Womens Leather Trifold Multi Credit Card Wallet |Ladies Coin Purse Clutch - Putty Grey","1","amazon.ca","Amazon","Gatineau","Quebec","J8P 1J5","","19.99","1.00","3.48","0.17","0","0","0","0","-3.00","-10.08","-0.03","0","11.53"
"Jan. 18, 2021 8:37:57 p.m. PST","13751128461","Refund","702-1692655-5226658","SR-STR-19-CCD-BRN-CPSS","SWISS REIMAGINED Watch Band Brown Leather Polished Stainless Steel Buckle 19mm","1","amazon.ca","Amazon","Pickering","ON","L1V 6A9","","-19.99","-2.60","-3.49","0","0","0","3.49","0","2.56","0","0","0","-20.03"
"Jan. 18, 2021 8:49:54 p.m. PST","13751128461","Order","701-3006382-9383425","SADDL-2042-JB","SADDLER Womens Real Leather Bifold Wallet with Zipper Coin Purse | Gift Boxed - Green","1","amazon.ca","Amazon","North York","Ontario","M6A 1C9","","26.99","3.51","0","0","0","0","0","0","-4.05","-6.15","-0.10","0","20.20"
"Jan. 19, 2021 4:41:47 a.m. PST","13751128461","Adjustment","","SR-STR-20-CCD-WHT-BSS","FBA Inventory Reimbursement - Damaged:Warehouse","1","","","","","","","0","0","0","0","0","0","0","0","0","0","0","16.25","16.25"
"Jan. 19, 2021 8:12:15 a.m. PST","13751128461","Order","702-0075728-1145869","SR-NCALF-22-TAN-SS","SWISS REIMAGINED Watch Band Tan Calf Leather Contrast Stitching Stainless Steel Buckle 22mm","1","amazon.ca","Amazon","London","Ontario","N6P 1C8","","22.99","2.99","0","0","0","0","0","0","-3.68","-3.54","-0.09","0","18.67"
"Jan. 19, 2021 2:34:49 p.m. PST","13751128461","Order","701-9611431-3888204","SPBR-CUR-1915-02","SWISS REIMAGINED Spring Bar Pins - Curved Stainless Steel - for Attaching Watch Band to Watches (Set of Two) - 19mm X 1.5mm","1","amazon.ca","Amazon","Vaudreuil-Dorion","Quebec","J7V0L3","","7.99","0.40","2.33","0.12","0","0","0","0","-1.60","-6.44","-0.02","0","2.78"
"Jan. 19, 2021 8:51:45 p.m. PST","13751128461","Order","701-6899702-9856209","SPBR-1915-02","SWISS REIMAGINED Spring Bar Pins - Made from Stainless Steel - for Attaching Watch Band to Watches or Buckle (Set of Two) - 19mm X 1.5mm","1","amazon.ca","Amazon","London","Ontario","N6H 5H8","","6.99","0.91","4.98","0.65","0","0","0","0","-1.12","-9.44","-0.05","0","2.92"
"Jan. 19, 2021 11:05:34 p.m. PST","13751128461","Order","701-2879945-5354646","SADDL-2053-FUCH","SADDLER Womens Luxurious Real Leather Trifold Wallet Purse Clutch | Gift Boxed - Fuchsia","1","amazon.ca","Amazon","Cambridge","Ontario","N1T 1Y6","","39.99","5.20","5.21","0","0","0","-5.21","0","-6.00","-6.29","-0.15","0","32.75"
"Jan. 20, 2021 9:22:05 a.m. PST","13751128461","Order","701-2371894-1373855","SADDL-2060-RED","SADDLER Womens Real Leather Zip Top Coin Purse | Ladies Money Pouch | Gift Boxed - Red","1","amazon.ca","Amazon","Toronto","Ontario","M4J 4M9","","19.99","2.60","0","0","0","0","0","0","-3.00","-6.15","-0.08","0","13.36"
"Jan. 21, 2021 5:10:47 a.m. PST","13751128461","FBA Inventory Fee","","","FBA Long-Term Storage Fee","","Amazon.ca","","","","","","0","0","0","0","0","0","0","0","0","0","0","-53.43","-53.43"
"Jan. 21, 2021 10:05:41 a.m. PST","13751128461","Order","701-5934765-1657848","SADDL-2053-FUCH","SADDLER Womens Luxurious Real Leather Trifold Wallet Purse Clutch | Gift Boxed - Fuchsia","1","amazon.ca","Amazon","Cambridge","Ontario","N1T 1Y6","","39.99","5.20","0","0","0","0","0","0","-6.00","-5.85","-0.15","0","33.19"
"Jan. 21, 2021 2:31:35 p.m. PST","13751128461","Order","701-0148658-0033044","SR-MT-001-BLK","SWISS REIMAGINED Precision 8-pc Set S2 Tool Steel Screwdriver Spring Bar Release Multipurpose Tool","1","amazon.ca","Amazon","North Vancouver","British Columbia","V7R 4L4","","19.99","2.40","0","0","0","0","0","0","-3.00","-6.15","-0.07","0","13.17"
"Jan. 22, 2021 12:25:31 a.m. PST","13751128461","Order","702-8149019-6935441","SR-STR-20-CCD-WHT-PBLK","SWISS REIMAGINED Watch Band - White Leather - Polished Steel Black Buckle - 20mm","1","amazon.ca","Amazon","Oshawa","Ontario","L1K 2N7","","19.99","2.60","2.33","0","0","0","-2.33","0","-3.20","-3.81","-0.08","0","15.50"
"Jan. 22, 2021 2:38:18 a.m. PST","13751128461","Order","702-9396413-4039462","SPBR-2415-02","SWISS REIMAGINED Spring Bar Pins - Made from Stainless Steel - for Attaching Watch Band to Watches or Buckle (Set of Two) - 24mm X 1.5mm","1","amazon.ca","Amazon","Richmond Hill","Ontario","L4E 3N8","","6.99","0.91","0","0","0","0","0","0","-1.12","-3.81","-0.03","0","2.94"
"Jan. 22, 2021 2:47:18 a.m. PST","13751128461","Order","702-6096333-2582649","SADDL-2061-UV","SADDLER Womens Leather Flapover Coin Purse with Zip | Small Pouch | Gift boxed - Purple","1","amazon.ca","Amazon","Toronto","Ontario","M4G 0A1","","26.99","3.51","2.83","0","0","0","-2.83","0","-4.05","-6.15","-0.10","0","20.20"
"Jan. 22, 2021 2:29:13 p.m. PST","13751128461","Order","701-9810608-1924234","SADDL-2061-UV","SADDLER Womens Leather Flapover Coin Purse with Zip | Small Pouch | Gift boxed - Purple","1","amazon.ca","Amazon","Kingston","Ontario","K7P 1B7","","26.99","3.51","3.92","0","0","0","-3.92","0","-4.05","-6.15","-0.10","0","20.20"
"Jan. 23, 2021 2:25:03 p.m. PST","13751128461","Order","702-3418105-5381014","SPBR-2515-02","SWISS REIMAGINED Spring Bar Pins - Made from Stainless Steel - for Attaching Watch Band to Watches or Buckle (Set of Two) - 25mm X 1.5mm","1","amazon.ca","Amazon","Mirabel","Quebec","J7J 0E8","","6.99","0.35","0","0","0","0","0","0","-1.12","-3.81","-0.01","0","2.40"
"Jan. 23, 2021 3:42:19 p.m. PST","13751128461","Order","701-0421682-5168201","SR-SAF-20-NVY-CPSS","SWISS REIMAGINED Fashion Saffiano Quick Release Quality Genuine Leather Replacement Watch Band Strap - Choice of Width - 18mm, 20mm or 22mm (Choose Si","1","amazon.ca","Amazon","Winnipeg","Manitoba","R3Y 0M5","","22.99","1.15","0","0","0","0","0","0","-3.68","-6.15","-0.03","0","14.28"
"Jan. 23, 2021 9:47:56 p.m. PST","13751128461","Order","702-0724476-0569843","SPBR-1615-02","SWISS REIMAGINED Spring Bar Pins - Made from Stainless Steel - for Attaching Watch Band to Watches or Buckle (Set of Two) - 16mm X 1.5mm","1","amazon.ca","Amazon","St Catharines","Ontario","L2S 3S8","","6.99","0.91","2.00","0","0","0","-2.00","0","-1.12","-3.81","-0.03","0","2.94"
"Jan. 24, 2021 12:25:33 a.m. PST","13751128461","Order","701-4381047-1615429","SPBR-CUR-2615-02","SWISS REIMAGINED Spring Bar Pins - Curved Stainless Steel - for Attaching Watch Band to Watches (Set of Two) - 26mm X 1.5mm","1","amazon.ca","Amazon","Woodbridge","Ontario","L4H 3H7","","7.99","1.04","2.07","0","0","0","-2.07","0","-1.28","-4.16","-0.03","0","3.56"
"Jan. 24, 2021 5:41:50 a.m. PST","13751128461","Adjustment","702-9443432-3814668","SADDL-2064-RED","FBA Inventory Reimbursement - Customer Return","1","","","","","","","0","0","0","0","0","0","0","0","0","0","0","26.00","26.00"
"Jan. 24, 2021 2:48:55 p.m. PST","13751128461","Order","702-3905150-9285043","SADDL-2070-TEAL","SADDLER Womens Leather Credit Card Wallet Purse With Zip Coin Pocket |Gift Boxed - Teal","1","amazon.ca","Amazon","VICTORIA","BC","V8V 3X0","","32.99","3.96","0","0","0","0","0","0","-4.95","-6.15","-0.11","0","25.74"
"Jan. 24, 2021 3:29:46 p.m. PST","13751128461","Order","701-4259739-2821048","SR-RAL-22-CRFB-BLK&RED-BBLK","SWISS REIMAGINED Real Leather Carbon Fibre Embossed Rally Style Watch Band Strap with Stainless Steel Buckle, Black Red","1","amazon.ca","Amazon","St. Albert","Alberta","T8N 6G6","","32.99","1.65","0","0","0","0","0","0","-5.28","-4.16","-0.05","0","25.15"
"Jan. 24, 2021 8:02:53 p.m. PST","13751128461","Order","701-3682574-1361842","SR-STR-22-CCD-BLK-CPSS","SWISS REIMAGINED Watch Band Black Leather Polished Stainless Steel Buckle - 22mm","1","amazon.ca","Amazon","Stoke","Quebec","J0B 3G0","","19.99","1.00","0","0","0","0","0","0","-3.20","-3.81","-0.03","0","13.95"
"Jan. 25, 2021 3:22:05 a.m. PST","13751128461","Refund","702-0075728-1145869","SR-NCALF-22-TAN-SS","SWISS REIMAGINED Watch Band Tan Calf Leather Contrast Stitching Stainless Steel Buckle 22mm","1","amazon.ca","Amazon","London","Ontario","N6P 1C8","","-22.99","-2.99","0","0","0","0","0","0","2.94","0","0","0","-23.04"
"Jan. 25, 2021 11:21:08 a.m. PST","13751128461","Order","701-7427189-0636251","CLO-1818-BLK","SWISS REIMAGINED 7"" x 7"" Black Lint Free Microfiber Cleaning Cloth - For Watches, Jewelry, Phones","1","amazon.ca","Amazon","Sorel","Quebec","J3R 4K4","","9.99","0.50","0","0","0","0","0","0","-1.50","-3.81","-0.01","0","5.17"
"Jan. 25, 2021 2:26:51 p.m. PST","13751128461","Order","702-1225367-0973041","SR-RAL-22-CRFB-BLK&BLU-BBLK","SWISS REIMAGINED Real Leather Carbon Fibre Embossed Rally Style Watch Band Strap with Stainless Steel Buckle, Black Blue","1","amazon.ca","Amazon","Laval","Quebec","H7L0B8","","32.99","1.65","4.98","0.25","0","0","0","0","-5.28","-9.44","-0.06","0","25.09"
"Jan. 25, 2021 2:37:30 p.m. PST","13751128461","Order","701-9847725-7313822","SR-HPO-1918-RED","SWISS REIMAGINED Quick Release Real Leather Hypoallergenic Watch Band Strap with Titanium Buckle -Red","1","amazon.ca","Amazon","Calgary","Alberta","T3G 4N2","","26.99","1.35","0","0","0","0","0","0","-4.32","-6.15","-0.04","0","17.83"
"Jan. 25, 2021 2:53:44 p.m. PST","13751128461","Refund","702-5505562-6717853","SR-STR-20-CRFB-BLK-PG","SWISS REIMAGINED 2 Colors Quality Genuine Leather Carbon Fibre Watch Band Strap Choice of Width 18mm 19mm 20mm 21mm 22mm 24mm (Choose Size)","1","amazon.ca","Amazon","Brampton","ON","L7A 4G4","","-26.99","-3.51","-6.99","0","0","0","6.99","0","3.46","0","0","0","-27.04"
"Jan. 25, 2021 2:57:21 p.m. PST","13751128461","FBA Inventory Fee","xl1m5dx379","","FBA Removal Order: Disposal Fee","","Amazon.ca","","","","","","0","0","0","0","0","0","0","0","0","0","0","-0.34","-0.34"
"Jan. 25, 2021 3:50:51 p.m. PST","13751128461","Order","701-2038894-7323416","SR-STR-16-CCD-BLK-CPSS","SWISS REIMAGINED Watch Band Black Leather Polished Stainless Steel Buckle 16mm","1","amazon.ca","Amazon","Montreal","QC","H4E 1S4","","19.99","1.00","0","0","0","0","0","0","-3.20","-3.81","-0.03","0","13.95"
"Jan. 26, 2021 2:51:35 a.m. PST","13751128461","Refund","702-6308616-9071454","AOCC-CW-001-METRED","ANYONECANCOOK 12-Piece Non-Stick Aluminum Pots and Pans Cookware Set (Red)","1","amazon.ca","Amazon","Hamilton","Ontario","L8V 1N7","","0","0","0","0","0","0","0","0","0","0","0","0","0"
"Jan. 26, 2021 2:33:19 p.m. PST","13751128461","Order","701-2009356-4968219","SADDL-2061-PCBLU","SADDLER Womens Leather Flapover Coin Purse with Zip | Small Pouch | Gift boxed - Navy","1","amazon.ca","Amazon","Vancouver","British Columbia","V6T1W5","","26.99","3.24","0","0","0","0","0","0","-4.05","-6.15","-0.09","0","19.94"
"Jan. 26, 2021 4:07:57 p.m. PST","13751128461","Order","702-4443537-9685832","SPBR-FR-2018-02","SWISS REIMAGINED Quick Release Spring Bar with Cylindrical Push Button for Watch Band (Set of Two) - 20mm x 1.8mm","1","amazon.ca","Amazon","Calgary","Alberta","T2Y 4B1","","9.99","0.50","0","0","0","0","0","0","-2.00","-3.81","-0.01","0","4.67"
"Jan. 26, 2021 9:56:41 p.m. PST","13799987531","Order","702-3754192-2349831","SPBR-FR-2218-02","SWISS REIMAGINED Quick Release Spring Bar with Cylindrical Push Button for Watch Band (Set of Two) - 22mm x 1.8mm","1","amazon.ca","Amazon","North York","Ontario","M3A 1V6","","9.99","1.30","2.93","0","0","0","-2.93","0","-2.00","-3.81","-0.04","0","5.44"
"Jan. 27, 2021 1:45:02 a.m. PST","13799987531","Order","702-1036643-7825853","SADDL-2033-FUCH","SADDLER Womens Real Leather Credit Card Holder with Tab | Minimalist | Gift Boxed - Fuchsia","1","amazon.ca","Amazon","brampton","Ontario","L7A 1M2","","19.99","2.60","0","0","0","0","0","0","-3.00","-6.15","-0.08","0","13.36"
"Jan. 27, 2021 7:53:26 a.m. PST","13799987531","Order","701-9096149-0946634","SPBR-2618-02","SWISS REIMAGINED Spring Bar Pins - Made from Stainless Steel - for Attaching Watch Band to Watches or Buckle (Set of Two) - 26mm X 1.8mm","1","amazon.ca","Amazon","Woodstock","Ontario","N4S 3H6","","6.99","0.91","0","0","0","0","0","0","-1.40","-3.81","-0.03","0","2.66"
"Jan. 27, 2021 6:28:51 p.m. PST","13799987531","Refund","701-3006382-9383425","SADDL-2042-JB","SADDLER Womens Real Leather Bifold Wallet with Zipper Coin Purse | Gift Boxed - Green","1","amazon.ca","Amazon","North York","Ontario","M6A 1C9","","-26.99","-3.51","0","0","0","0","0","0","3.24","0","0","0","-27.26"
"Jan. 27, 2021 9:54:51 p.m. PST","13799987531","Order","701-2162067-7723469","SADDL-2062-TAUP","SADDLER Womens Real Leather Large Multi Section Purse Wallet Clutch | Gift Boxed","1","amazon.ca","Amazon","Hamilton","Ontario","L8V 2G9","","39.99","5.20","1.61","0","0","0","-1.61","0","-6.00","-6.15","-0.15","0","32.89"
"Jan. 28, 2021 8:31:54 a.m. PST","13799987531","Order","701-5261028-0981065","SADDL-2040-RED","SADDLER Womens Luxurious Leather Bifold Wallet Clutch Zipper Purse | Gift Boxed - Red","1","amazon.ca","Amazon","Sudbury","Ontario","P3E 2T3","","39.99","5.20","0","0","0","0","0","0","-6.00","-6.15","-0.15","0","32.89"
"Jan. 28, 2021 1:05:32 p.m. PST","13799987531","Refund","701-2238804-5165026","SR-HPO-1918-BRN","SWISS REIMAGINED Quick Release Real Leather Hypoallergenic Watch Band Strap with Titanium Buckle - Brown","1","amazon.ca","Amazon","York","Ontario","M6S 2R5","","-26.99","-3.51","-6.99","0","0","0","6.99","0","3.46","0","0","0","-27.04"
"Jan. 28, 2021 3:18:17 p.m. PST","13799987531","Order","701-2197209-0838653","SPBR-2318-02","SWISS REIMAGINED Spring Bar Pins - Made from Stainless Steel - for Attaching Watch Band to Watches or Buckle (Set of Two) - 23mm X 1.8mm","1","amazon.ca","Amazon","Calgary","Alberta","T2X 1C5","","6.99","0.35","0","0","0","0","0","0","-1.12","-3.54","-0.01","0","2.67"
"Jan. 28, 2021 5:41:25 p.m. PST","13799987531","Transfer","","","To account ending with: 002","","","","","","","","0","0","0","0","0","0","0","0","0","0","0","-673.39","-673.39"
"Jan. 29, 2021 2:33:42 a.m. PST","13799987531","Order","701-6848786-4646648","SADDL-2043-FUCH","SADDLER Womens Luxurious Leather Mini Purse Wallet | Designer Purse | Gift Boxed - Fuchsia","1","amazon.ca","Amazon","Saskatoon","Saskatchewan","S7P 0B6","","26.99","1.35","2.55","0.13","0","0","0","0","-4.05","-9.03","-0.04","0","17.90"
"Jan. 29, 2021 3:20:39 a.m. PST","13799987531","Order","701-1336127-3646608","SR-NATO-20-BRN-SBJ657","SWISS REIMAGINED Real Leather NATO Replacement Watch Band Strap with Stainless Steel Buckle - Brown 20mm","1","amazon.ca","Amazon","Toronto","Ontario","M9A 1X3","","22.99","0","0","0","0","0","0","0","-3.68","-6.97","0","0","12.34"
"Jan. 29, 2021 8:27:00 a.m. PST","13799987531","Order","701-0450947-8856246","SADDL-2061-EBLU","SADDLER Womens Leather Flapover Coin Purse with Zip | Small Pouch | Gift boxed - Blue","1","amazon.ca","Amazon","Scarborough","Ontario","M1E 1Z7","","26.99","3.51","0.21","0","0","0","-0.21","0","-4.05","-6.15","-0.10","0","20.20"
"Jan. 29, 2021 12:22:55 p.m. PST","13799987531","Order","701-5068622-6746633","SPBR-2415-02","SWISS REIMAGINED Spring Bar Pins - Made from Stainless Steel - for Attaching Watch Band to Watches or Buckle (Set of Two) - 24mm X 1.5mm","1","amazon.ca","Amazon","MONTREAL","QC","H1E 1M0","","6.99","0.35","2.93","0","0","0","-2.93","0","-1.12","-3.81","-0.01","0","2.40"
"Jan. 29, 2021 2:25:00 p.m. PST","13799987531","Order","702-8250866-6157830","CLO-1818-WHT","SWISS REIMAGINED White Lint Free Microfiber Cleaning Cloth for Watches, Jewelry, Phone (7"" x 7)","1","amazon.ca","Amazon","Hampstead","Quebec","H3X 3H9","","9.99","0.50","0.07","0","0","0","-0.07","0","-1.50","-3.81","-0.01","0","5.17"
"Jan. 29, 2021 7:02:43 p.m. PST","13799987531","Order","701-4114273-5959439","SADDL-2037-TEAL","SADDLER Womens Luxurious Leather Passport Holder | Travel Wallets | Gift Boxed","1","amazon.ca","Amazon","Outremont","Quebec","H2V 1R8","","19.99","1.00","3.21","0.16","0","0","0","0","-3.00","-9.78","-0.03","0","11.55"
"Jan. 29, 2021 10:29:22 p.m. PST","13799987531","Order","702-6985040-7893830","SADDL-2147-PCBLU","SADDLER Womens Large Leather Credit Card Wallet | Ladies Clutch Purse|Gift Boxed - Navy","1","amazon.ca","Amazon","Kemptville","Ontario","K0G 1J0","","42.99","5.59","0","0","0","0","0","0","-6.45","-6.29","-0.16","0","35.68"
"Jan. 30, 2021 1:24:12 a.m. PST","13799987531","Order","702-7738935-0139441","SR-HPO-1816-BRN","SWISS REIMAGINED Quick Release Real Leather Hypoallergenic Watch Band Strap with Titanium Buckle - Brown","1","amazon.ca","Amazon","Toronto","Ontario","M9N 3L4","","26.99","3.51","6.99","0","0","0","-6.99","0","-4.32","-6.15","-0.10","0","19.93"
"Jan. 30, 2021 2:35:14 p.m. PST","13799987531","Order","701-1133804-4805807","SADDL-2030-MAG","SADDLER Womens Real Leather Credit Card Holder | Minimalist Wallet | Gift Boxed - Magenta","1","amazon.ca","Amazon","Vancouver","British Columbia","V5K 2Y1","","16.99","2.04","3.93","0","0","0","-3.93","0","-2.55","-6.15","-0.06","0","10.27"
"Jan. 31, 2021 2:11:04 p.m. PST","13799987531","Order","702-1699791-9822618","SADDL-2061-JB","SADDLER Womens Leather Flapover Coin Purse with Zip | Small Pouch | Gift boxed - Green","1","amazon.ca","Amazon","Toronto","Ontario","M2N 7G7","","26.99","3.51","3.26","0","0","0","-3.26","0","-4.05","-6.15","-0.10","0","20.20"
"Jan. 31, 2021 2:39:46 p.m. PST","13799987531","Order","702-7336602-1917024","SR-MT-001-BLK","SWISS REIMAGINED Precision 8-pc Set S2 Tool Steel Screwdriver Spring Bar Release Multipurpose Tool","1","amazon.ca","Amazon","Nanaimo","British Columbia","V9T0G6","","19.99","2.40","0","0","0","0","0","0","-3.00","-6.15","-0.07","0","13.17"
"Jan. 31, 2021 2:53:50 p.m. PST","13799987531","Order","702-0407430-7232258","SADDL-2042-EBLU","SADDLER Womens Real Leather Bifold Wallet with Zipper Coin Purse | Gift Boxed - Blue","1","amazon.ca","Amazon","Toronto","Ontario","M6G 3G6","","26.99","3.51","0","0","0","0","0","0","-4.05","-6.15","-0.10","0","20.20"
"Jan. 31, 2021 3:38:24 p.m. PST","13799987531","Order","701-9632161-9811428","SADDL-2064-RED","SADDLER Womens Leather Trifold Purse Wallet Clutch with Zip Coin Pocket |Gift Boxed - Red","1","amazon.ca","Amazon","Calgary","Alberta","T2Y 5H9","","39.99","2.00","0","0","0","0","0","0","-6.00","-6.15","-0.06","0","29.78"
"Jan. 31, 2021 5:11:17 p.m. PST","13799987531","Refund","702-3754192-2349831","SPBR-FR-2218-02","SWISS REIMAGINED Quick Release Spring Bar with Cylindrical Push Button for Watch Band (Set of Two) - 22mm x 1.8mm","1","amazon.ca","Amazon","North York","Ontario","M3A 1V6","","-9.99","-1.30","-2.93","0","0","0","2.93","0","1.60","0","0","0","-9.69"
"Jan. 31, 2021 5:27:32 p.m. PST","13799987531","Order","701-9649640-9945011","SR-RAL-22-CRFB-BLK&RED-BBLK","SWISS REIMAGINED Real Leather Carbon Fibre Embossed Rally Style Watch Band Strap with Stainless Steel Buckle, Black Red","1","amazon.ca","Amazon","Barrie","On","L4N 6E4","","32.99","4.29","6.99","0","0","0","-6.99","0","-5.28","-4.16","-0.12","0","27.72"
